acc1,epoch,loss,model_id
10.145999908447266,0.0,9.85655604560852,0.0
