Dataset,Complexity
ImageNet,14.05906286
CIFAR100,10.81655877
CIFAR10,10.81746385
MNIST_Digit,10.96996441